{
  "hash": "c3bd5963",
  "configHash": "59898761",
  "lockfileHash": "b0dbb922",
  "browserHash": "b59bd712",
  "optimized": {
    "@angular/common": {
      "src": "../../../../../node_modules/@angular/common/fesm2022/common.mjs",
      "file": "@angular_common.js",
      "fileHash": "3a49fa7b",
      "needsInterop": false
    },
    "@angular/common/http": {
      "src": "../../../../../node_modules/@angular/common/fesm2022/http.mjs",
      "file": "@angular_common_http.js",
      "fileHash": "422c00a3",
      "needsInterop": false
    },
    "@angular/core": {
      "src": "../../../../../node_modules/@angular/core/fesm2022/core.mjs",
      "file": "@angular_core.js",
      "fileHash": "db9a4daa",
      "needsInterop": false
    },
    "@angular/platform-browser": {
      "src": "../../../../../node_modules/@angular/platform-browser/fesm2022/platform-browser.mjs",
      "file": "@angular_platform-browser.js",
      "fileHash": "ec7e8d50",
      "needsInterop": false
    },
    "@angular/router": {
      "src": "../../../../../node_modules/@angular/router/fesm2022/router.mjs",
      "file": "@angular_router.js",
      "fileHash": "c3f7c8fe",
      "needsInterop": false
    },
    "@angular/forms": {
      "src": "../../../../../node_modules/@angular/forms/fesm2022/forms.mjs",
      "file": "@angular_forms.js",
      "fileHash": "c6782e79",
      "needsInterop": false
    }
  },
  "chunks": {
    "chunk-UHHVTA4Y": {
      "file": "chunk-UHHVTA4Y.js"
    },
    "chunk-2M55P2PR": {
      "file": "chunk-2M55P2PR.js"
    },
    "chunk-A6ZBE6ZR": {
      "file": "chunk-A6ZBE6ZR.js"
    },
    "chunk-ORNJK7UO": {
      "file": "chunk-ORNJK7UO.js"
    }
  }
}